[
{"keyFlag": "9010","keyInfo": "当前组合水量（BCD码）(正向-反向)","isCanRead": true,"isCanEdit": false,"readControlCode": "01","setControlCode": "04"},
{"keyFlag": "9020","keyInfo": "当前累计正向水量（BCD码）","isCanRead": true,"isCanEdit": false,"readControlCode": "01","setControlCode": "04"},
{"keyFlag": "9030","keyInfo": "当前累计反向水量（BCD码）","isCanRead": true,"isCanEdit": false,"readControlCode": "01","setControlCode": "04"},
{"keyFlag": "FE09","keyInfo": "水表底度设置，BCD码，写入后读9010核对","isCanRead": false,"isCanEdit": true,"readControlCode": "01","setControlCode": "04"},
{"keyFlag": "FA01","keyInfo": "接收信号强度RSSI,1字节有符号数","isCanRead": true,"isCanEdit": false,"readControlCode": "01","setControlCode": "04"},
{"keyFlag": "FA02","keyInfo": "水表上报周期  HEX码，低字节在前","isCanRead": true,"isCanEdit": true,"readControlCode": "01","setControlCode": "04"},
{"keyFlag": "FA03","keyInfo": "水表带阀标识；0x00:不带阀，其它非0x00值带阀","isCanRead": true,"isCanEdit": true,"readControlCode": "01","setControlCode": "04"},
{"keyFlag": "FA04","keyInfo": "水表电池电压 BCD码","isCanRead": true,"isCanEdit": false,"readControlCode": "01","setControlCode": "04"},
{"keyFlag": "FA05","keyInfo": "水表软件版本号","isCanRead": true,"isCanEdit": false,"readControlCode": "01","setControlCode": "04"},
{"keyFlag": "FA07","keyInfo": "最大开关阀时间 HEX码","isCanRead": true,"isCanEdit": true,"readControlCode": "01","setControlCode": "04"},
{"keyFlag": "FA0B","keyInfo": "LORAWAN激活模式，0x01:OTAA模式；0x02：ABP模式 默认OTAA模式","isCanRead": true,"isCanEdit": true,"readControlCode": "01","setControlCode": "04"},
{"keyFlag": "FA0C","keyInfo": "LORAWAN参数设置:DEVEUI：8字节 APPEUI:8字节 APPKEY：16字节","isCanRead": true,"isCanEdit": true,"readControlCode": "01","setControlCode": "04"},
{"keyFlag": "FA0D","keyInfo": "LORAWAN参数设置 DevAddr：4字节 NwkSKey:16字节 AppSKey：16字节","isCanRead": true,"isCanEdit": true,"readControlCode": "01","setControlCode": "04"},
{"keyFlag": "FA0E","keyInfo": "LORAWAN信道设置，HEX码，共96个信道，对应的BIT位置1有效","isCanRead": false,"isCanEdit": false,"readControlCode": "01","setControlCode": "04"},
{"keyFlag": "FA0F","keyInfo": "上行消息ACK回复开关，0x00：不需要确认；0x01:每侦都需要确认；0x02：每10侦数据确认1次，默认使用0x02","isCanRead": true,"isCanEdit": true,"readControlCode": "01","setControlCode": "04"},
{"keyFlag": "FA12","keyInfo": "188协议水表类型，具体对照188协议水表类型列表 默认为0x10(冷水表)","isCanRead": true,"isCanEdit": true,"readControlCode": "01","setControlCode": "04"},
{"keyFlag": "FA13","keyInfo": "LORAWAN默认使用速率0x00~0x05,默认0x01","isCanRead": true,"isCanEdit": true,"readControlCode": "01","setControlCode": "04"},
{"keyFlag": "FA14","keyInfo": "是否允许动态调整速率，0x00:不允许，0x01:允许 默认0x01","isCanRead": true,"isCanEdit": true,"readControlCode": "01","setControlCode": "04"},
{"keyFlag": "C032","keyInfo": "水表97协议表号，DEVEUI的后6字节","isCanRead": true,"isCanEdit": false,"readControlCode": "01","setControlCode": "0A"},
{"keyFlag": "C01F","keyInfo": "日期时间 BCD码 传输顺序：周次日月年秒分时","isCanRead": true,"isCanEdit": true,"readControlCode": "01","setControlCode": "04"},
{"keyFlag": "C028","keyInfo": "水表开关阀，0x5533:水表关阀，0x9966:水表开阀","isCanRead": false,"isCanEdit": true,"readControlCode": "01","setControlCode": "04"},
{"keyFlag": "FEAB","keyInfo": "水表阀控测试 写0x11,阀控会开关动作一次","isCanRead": false,"isCanEdit": true,"readControlCode": "01","setControlCode": "04"},
{"keyFlag": "FEAC","keyInfo": "清除表内所有冻结数据，写固定数据(0x15,0x82,0x06,0x26)","isCanRead": false,"isCanEdit": true,"readControlCode": "01","setControlCode": "04"},
{"keyFlag": "FD00","keyInfo": "上1次月冻结数据（5BYTE年月日时分+4BYTE水量)","isCanRead": true,"isCanEdit": false,"readControlCode": "01","setControlCode": "04"},
{"keyFlag": "FD31","keyInfo": "上50次月冻结数据（5BYTE年月日时分+4BYTE水量)","isCanRead": true,"isCanEdit": false,"readControlCode": "01","setControlCode": "04"},
{"keyFlag": "FD40","keyInfo": "上1次日冻结数据（5BYTE年月日时分+4BYTE水量)","isCanRead": true,"isCanEdit": false,"readControlCode": "01","setControlCode": "04"},
{"keyFlag": "FD70","keyInfo": "上50次日冻结数据（5BYTE年月日时分+4BYTE水量)","isCanRead": true,"isCanEdit": false,"readControlCode": "01","setControlCode": "04"},
{"keyFlag": "FD70","keyInfo": "上50次日冻结数据（5BYTE年月日时分+4BYTE水量)","isCanRead": true,"isCanEdit": false,"readControlCode": "01","setControlCode": "04"},
{"keyFlag": "","keyInfo": "","isCanRead": true,"isCanEdit": false,"readControlCode": "01","setControlCode": "04"},
{"keyFlag": "C010","keyInfo": "日期与周次（周一到周日以1-7表示）","isCanRead": true,"isCanEdit": false,"readControlCode": "01","setControlCode": "04"},
{"keyFlag": "C011","keyInfo": "时间","isCanRead": true,"isCanEdit": false,"readControlCode": "01","setControlCode": "04"},
{"keyFlag": "C501","keyInfo": "厂家软件版本号(ASCII 码)","isCanRead": true,"isCanEdit": false,"readControlCode": "01","setControlCode": "04"},
]