[
{"keyFlag": "9010","keyInfo": "当前组合水量（BCD码）(正向-反向)","isCanRead": true,"isCanEdit": false,"readControlCode": "01","setControlCode": "04"},
{"keyFlag": "9020","keyInfo": "当前累计正向水量（BCD码）","isCanRead": true,"isCanEdit": false,"readControlCode": "01","setControlCode": "04"},
{"keyFlag": "9030","keyInfo": "当前累计反向水量（BCD码）","isCanRead": true,"isCanEdit": false,"readControlCode": "01","setControlCode": "04"},
{"keyFlag": "9040","keyInfo": "当前累计反向水量（BCD码）","isCanRead": true,"isCanEdit": false,"readControlCode": "01","setControlCode": "04"},
{"keyFlag": "FE20","keyInfo": "当前IP、端口，不需要反序","isCanRead": true,"isCanEdit": true,"readControlCode": "01","setControlCode": "04"},
{"keyFlag": "FE02","keyInfo": "上报时的信号CSQ值","isCanRead": true,"isCanEdit": false,"readControlCode": "01","setControlCode": "04"},
{"keyFlag": "FE03","keyInfo": "水表上报周期","isCanRead": true,"isCanEdit": true,"readControlCode": "01","setControlCode": "04"},
{"keyFlag": "FE04","keyInfo": "水表主动上报开关","isCanRead": true,"isCanEdit": true,"readControlCode": "01","setControlCode": "04"},
{"keyFlag": "FE05","keyInfo": "水表倍率","isCanRead": false,"isCanEdit": true,"readControlCode": "01","setControlCode": "04"},
{"keyFlag": "FE07","keyInfo": "是否带阀","isCanRead": true,"isCanEdit": true,"readControlCode": "01","setControlCode": "04"},
{"keyFlag": "FE08","keyInfo": "NB参数：ICCID、IMEI、IMSI","isCanRead": true,"isCanEdit": false,"readControlCode": "01","setControlCode": "04"},
{"keyFlag": "FE09","keyInfo": "设置底度","isCanRead": false,"isCanEdit": true,"readControlCode": "01","setControlCode": "04"},
{"keyFlag": "FE0A","keyInfo": "当前水表电池电压","isCanRead": true,"isCanEdit": false,"readControlCode": "01","setControlCode": "04"},
{"keyFlag": "FE0B","keyInfo": "软件版本号","isCanRead": true,"isCanEdit": false,"readControlCode": "01","setControlCode": "04"},
{"keyFlag": "FE0C","keyInfo": "关阀水量，带阀控水表有效","isCanRead": true,"isCanEdit": true,"readControlCode": "01","setControlCode": "04"},
{"keyFlag": "FE10","keyInfo": "主动上报数组","isCanRead": true,"isCanEdit": true,"readControlCode": "01","setControlCode": "04"},
{"keyFlag": "C020","keyInfo": "水表运行状态组","isCanRead": true,"isCanEdit": false,"readControlCode": "01","setControlCode": "04"},
{"keyFlag": "C032","keyInfo": "水表表号","isCanRead": true,"isCanEdit": true,"readControlCode": "01","setControlCode": "04"},
{"keyFlag": "C028","keyInfo": "设置水表开关阀","isCanRead": false,"isCanEdit": true,"readControlCode": "01","setControlCode": "04"},
{"keyFlag": "FEAA","keyInfo": "红外通讯写0x11触发一次NB上报，不受次数限制","isCanRead": false,"isCanEdit": true,"readControlCode": "01","setControlCode": "04"},
{"keyFlag": "FEAB","keyInfo": "水表阀控测试 写0x11,阀控会开关动作一次","isCanRead": false,"isCanEdit": true,"readControlCode": "01","setControlCode": "04"},
{"keyFlag": "FEAC","keyInfo": "清除冻结数据，写固定数据(0x15,0x82,0x06,0x26)","isCanRead": false,"isCanEdit": true,"readControlCode": "01","setControlCode": "04"},
{"keyFlag": "C010","keyInfo": "日期与周次BCD码（YYMMDDWW）","isCanRead": true,"isCanEdit": true,"readControlCode": "01","setControlCode": "04"},
{"keyFlag": "C011","keyInfo": "时间（HHMMSS）","isCanRead": true,"isCanEdit": true,"readControlCode": "01","setControlCode": "04"},

{"keyFlag": "FD00","keyInfo": "上1次月冻结数据（5BYTE年月日时分+4BYTE水量)","isCanRead": true,"isCanEdit": false,"readControlCode": "01","setControlCode": "04"},
{"keyFlag": "FD31","keyInfo": "上50次月冻结数据（5BYTE年月日时分+4BYTE水量)","isCanRead": true,"isCanEdit": false,"readControlCode": "01","setControlCode": "04"},
{"keyFlag": "FD40","keyInfo": "上1次日冻结数据（5BYTE年月日时分+4BYTE水量)","isCanRead": true,"isCanEdit": false,"readControlCode": "01","setControlCode": "04"},
{"keyFlag": "FD71","keyInfo": "上50次日冻结数据（5BYTE年月日时分+4BYTE水量)","isCanRead": true,"isCanEdit": false,"readControlCode": "01","setControlCode": "04"},
{"keyFlag": "FD80","keyInfo": "上1次每日小时冻结数据","isCanRead": true,"isCanEdit": false,"readControlCode": "01","setControlCode": "04"},
{"keyFlag": "FD89","keyInfo": "上10次每日小时冻结数据","isCanRead": true,"isCanEdit": false,"readControlCode": "01","setControlCode": "04"},
{"keyFlag": "FEBA","keyInfo": "触发上报指定日期数据（数据组5、6、7），只能通过NB下发，年月日,BCD码，不需要反序","isCanRead": true,"isCanEdit": false,"readControlCode": "01","setControlCode": "04"},
] 